{
	"nz":[87.4123,188.512,93.70869999999999],
	"iz":[87.43600000000001,5.9213,116.0523],
	"lpa":[21.1737,93.95610000000001,84.94459999999999],
	"rpa":[159.644,89.8472,86.3139],
	"cz":[84.62214999524781,104.6686683166328,214.239394704542],
	"cm":[
		[11.44149454085169,97.26684264500733,115.7191341721597],
		[10.72187124264941,98.98416586638984,133.0371959194771],
		[11.77338948661696,100.6429981215048,150.3121432934689],
		[16.03082231783018,102.1526959564027,167.0671185701407],
		[25.05911913554962,103.3273494470869,181.8928169132195],
		[37.45911478975918,104.1446284774095,194.1231603532999],
		[51.63623899403721,104.6989300246092,204.2233312349896],
		[67.47523150794045,104.9227934655142,211.468106897651],
		[84.62214999524781,104.6686683166328,214.239394704542],
		[101.8624728192473,103.9163277399205,211.9503995704584],
		[118.3645719039702,102.8805872176999,206.535254269509],
		[133.0232638524031,101.5258506314215,197.2843837122807],
		[145.670112440762,99.97886018146193,185.439799318736],
		[155.2514432404015,98.27629247621343,171.0463513806171],
		[161.6473672873724,96.50179109671272,154.9209735191588],
		[164.1927602168221,94.7579883874424,137.9039102949654],
		[164.5809971991655,93.04761042022427,120.5530677353712]
	],
	"sm":[
		[86.54891730738348,193.1871677554716,127.1022804626086],
		[86.13562152548354,190.9107031195342,143.6630736378982],
		[85.75545038777183,185.1944882114312,159.3583174477707],
		[85.42439983366458,176.2610923724041,173.529912146081],
		[85.15594391811284,164.617135649455,185.5828285833258],
		[84.93847416056951,151.3856254700623,195.8309076225832],
		[84.80226775195098,136.2883295687904,203.1176686043181],
		[84.70112711299359,120.6282046374733,209.0957129312114],
		[84.62214999524772,104.6686683166049,214.2393947045502],
		[84.54402944120535,88.71138364709839,219.349068317488],
		[84.64688174987037,72.14539747402924,217.4118161845766],
		[84.813998933349,56.02957913261329,212.8872031328295],
		[85.06742232655107,41.36862269068057,204.7794297713399],
		[85.39106194815132,28.94234529780802,193.6225140858047],
		[85.76080268975394,18.76359708656155,180.3641792945003],
		[86.16238975117349,10.98566371655066,165.5460662289388],
		[86.58175801923022,5.464222293781146,149.7402872084585]
	],
	"aal":[
		[13.9942149458417,111.9192907622665,114.7327954551941],
		[16.50713186755764,125.458270849134,113.8685133275088],
		[19.36852109389465,138.9328375033344,113.1184537769996],
		[24.30264693067502,151.8359049745408,113.0705029852588],
		[30.2428957153679,164.284361732336,113.384721005839],
		[37.88040282284972,175.6865734871121,114.3435647102033],
		[48.72658566147377,183.8946024628947,116.6676825793761],
		[60.85306736592891,189.7014739509345,119.6723651535297],
		[73.83500880205919,192.4525302890347,123.306736056713]
	],
	"apl":[
		[5.697590875509958,85.73070048857565,115.354929880814],
		[11.4877920943968,79.66495588069021,117.8549954395091],
		[14.11124724409198,64.70589550672322,120.4596137588962],
		[17.95607850504991,50.02753348333265,123.4035271303659],
		[24.39417618625494,36.44311316025725,127.007820120523],
		[33.29966705560386,24.48698340895299,131.1696284908619],
		[44.5037953096238,14.86111801233877,135.7527820112193],
		[57.79305268691704,8.633674460537193,140.5632990910789],
		[72.10577085980603,5.310750086502748,145.3363748587787]
	],
	"aar":[
		[160.8599088469579,106.9843558117345,119.760194554874],
		[156.9589574984882,120.4679436737997,119.0649285132664],
		[153.80449210155,134.1234996074412,118.1707000901992],
		[149.4031864666808,147.4189203827704,117.6175887660934],
		[143.8596408728017,160.3262624831528,117.3839930717907],
		[136.0808652864397,171.9299462096359,117.8413054160297],
		[125.9399804150923,181.535976855835,119.1035367844372],
		[113.9879662683128,188.5728112089786,121.1080932080328],
		[100.7716066022668,192.1938665889698,123.8265617617938]
	],
	"apr":[
		[163.546236031432,80.49446879969291,122.3144489441203],
		[159.2052192887151,68.02503322009483,124.8550724664722],
		[154.9417220175939,55.4853582339307,127.3856621698152],
		[149.9998714144652,43.22188104922893,130.0448839497869],
		[143.438276749966,31.86630773084316,132.9812812737316],
		[134.8543002240498,22.11657467839729,136.2067853134508],
		[124.3434337069696,14.46574465941649,139.639117867336],
		[112.4475639450743,9.184341065608903,143.1162736950821],
		[99.82441464395433,5.963079693230456,146.5185372250053]
	],
	"cal_1":[
		[68.72837376125081,120.9394363439618,206.6787081361013],
		[53.6130897904314,120.6405077552486,199.4690772689275],
		[39.87740236758933,120.0024955220686,189.878654544229],
		[28.03930506100912,119.0209113200963,178.0323124401423],
		[19.25367437356465,117.642399379018,163.8488993891575],
		[14.37037127152348,115.9104358751188,147.9549829707094],
		[13.21183881856721,113.9515013072,131.3440885210337]
	],
	"car_1":[
		[101.444342899986,119.7716638679809,207.2307709667955],
		[116.9471727495898,118.5613380211167,202.0431996558053],
		[130.867261975466,117.0142358688235,193.5669415156579],
		[142.8261826874418,115.2337667077842,182.541297745962],
		[152.0662720641352,113.2766945153067,169.1999931818539],
		[157.6981941467379,111.2344002656809,154.0226768839742],
		[160.4657888248252,109.1974989094621,137.9937298385954]
	],
	"cal_2":[
		[69.1380435834581,136.4823551081913,200.1665043907918],
		[54.67210656729543,136.0881121255146,193.6898523188834],
		[41.68279028238877,135.2415551629094,184.6520940539011],
		[30.94607109976204,133.9126934232544,173.0661081893404],
		[22.74236260983444,132.1917747372664,159.5978318874718],
		[17.64634954052827,130.1395505212423,144.7995282462022],
		[16.24737743673195,127.8094976304019,129.1798216125152]
	],
	"car_2":[
		[100.4596915236814,135.3971423810356,201.5062969111207],
		[115.3191674120152,133.9424708281693,195.9937211119989],
		[129.0240481768119,132.1897684391201,188.220397326022],
		[140.7374443536333,130.0970308460289,177.6860558540522],
		[149.7019179566489,127.7504489989336,164.7504640320631],
		[155.3019254697414,125.2804429857467,150.1009590205109],
		[157.3777038597395,122.818498346026,134.5546498298021]
	],
	"cal_3":[
		[70.63352172544735,151.4189684924705,192.6990510180655],
		[57.60731082175653,150.8144118128886,186.4041610685895],
		[45.77181894396713,149.7860407880065,178.0867810092805],
		[35.67986463673029,148.3162450442533,167.7794333992891],
		[27.8919049038581,146.4200861201894,155.693580622235],
		[22.3959772740412,144.2202748003297,142.4918798918518],
		[20.24225306213819,141.7100211517852,128.3807044716836]
	],
	"car_3":[
		[99.35671011330463,150.4567273585134,194.1326446196992],
		[113.225042448771,148.9877578564585,189.378376592654],
		[125.5852290176049,147.0234709128004,181.5888873567509],
		[136.5030079930997,144.7809156039155,171.9563986997265],
		[145.4391802876212,142.2947005269139,160.5437187581066],
		[151.3158320851253,139.6006028572436,147.2952397859636],
		[153.6483362056571,136.8699811497366,133.0279654625896]
	],
	"cal_4":[
		[72.94356916482063,164.6168579679253,183.10728280536],
		[61.07426332373325,163.9682568252094,177.6484615560588],
		[50.40773538887484,162.8208830745126,170.0847375759753],
		[41.03124318161471,161.2993314776435,161.0204727437372],
		[33.45212850626416,159.3880707038899,150.4853220943252],
		[28.18895722403063,157.1135404780684,138.708845126718],
		[25.57743234785831,154.5517560680423,126.1169911151947]
	],
	"car_4":[
		[98.74231341969676,163.8177215444343,184.5712124986331],
		[110.9531950169924,162.3276592854334,180.0288441230294],
		[122.2141061764785,160.4829664327391,173.6241503824021],
		[131.8946500715859,158.2569595086699,165.1037669553569],
		[139.8467261788884,155.7669978911219,154.9903024203913],
		[145.2807374863847,153.0663618867692,143.37466639824],
		[148.4963957319305,150.2922455016488,130.963590591302]
	],